# arrival_ms	session	max_output_tokens	prompt
0	request-0	48	Summarize the following observations briefly. The station records temperature, wind, and rainfall each morning. The station records temperature, wind, and rainfall each morning. The station records temperature, wind, and rainfall each morning. The station records temperature, wind, and rainfall each morning. The station records temperature, wind, and rainfall each morning. The station records temperature, wind, and rainfall each morning. The station records temperature, wind, and rainfall each morning. The station records temperature, wind, and rainfall each morning. The station records temperature, wind, and rainfall each morning. The station records temperature, wind, and rainfall each morning. The station records temperature, wind, and rainfall each morning. The station records temperature, wind, and rainfall each morning. The station records temperature, wind, and rainfall each morning. The station records temperature, wind, and rainfall each morning. The station records temperature, wind, and rainfall each morning. The station records temperature, wind, and rainfall each morning. The station records temperature, wind, and rainfall each morning. The station records temperature, wind, and rainfall each morning. The station records temperature, wind, and rainfall each morning. The station records temperature, wind, and rainfall each morning. The station records temperature, wind, and rainfall each morning. The station records temperature, wind, and rainfall each morning. The station records temperature, wind, and rainfall each morning. The station records temperature, wind, and rainfall each morning. The station records temperature, wind, and rainfall each morning. The station records temperature, wind, and rainfall each morning. The station records temperature, wind, and rainfall each morning. The station records temperature, wind, and rainfall each morning. The station records temperature, wind, and rainfall each morning. The station records temperature, wind, and rainfall each morning. The station records temperature, wind, and rainfall each morning. The station records temperature, wind, and rainfall each morning. The station records temperature, wind, and rainfall each morning. The station records temperature, wind, and rainfall each morning. The station records temperature, wind, and rainfall each morning. 
30	request-1	24	Name three planets in our solar system.
60	request-2	24	Name three planets in our solar system.
90	request-3	48	Summarize the following observations briefly. The station records temperature, wind, and rainfall each morning. The station records temperature, wind, and rainfall each morning. The station records temperature, wind, and rainfall each morning. The station records temperature, wind, and rainfall each morning. The station records temperature, wind, and rainfall each morning. The station records temperature, wind, and rainfall each morning. The station records temperature, wind, and rainfall each morning. The station records temperature, wind, and rainfall each morning. The station records temperature, wind, and rainfall each morning. The station records temperature, wind, and rainfall each morning. The station records temperature, wind, and rainfall each morning. The station records temperature, wind, and rainfall each morning. The station records temperature, wind, and rainfall each morning. The station records temperature, wind, and rainfall each morning. The station records temperature, wind, and rainfall each morning. The station records temperature, wind, and rainfall each morning. The station records temperature, wind, and rainfall each morning. The station records temperature, wind, and rainfall each morning. The station records temperature, wind, and rainfall each morning. The station records temperature, wind, and rainfall each morning. The station records temperature, wind, and rainfall each morning. The station records temperature, wind, and rainfall each morning. The station records temperature, wind, and rainfall each morning. The station records temperature, wind, and rainfall each morning. The station records temperature, wind, and rainfall each morning. The station records temperature, wind, and rainfall each morning. The station records temperature, wind, and rainfall each morning. The station records temperature, wind, and rainfall each morning. The station records temperature, wind, and rainfall each morning. The station records temperature, wind, and rainfall each morning. The station records temperature, wind, and rainfall each morning. The station records temperature, wind, and rainfall each morning. The station records temperature, wind, and rainfall each morning. The station records temperature, wind, and rainfall each morning. The station records temperature, wind, and rainfall each morning. 
120	request-4	24	Name three planets in our solar system.
150	request-5	24	Name three planets in our solar system.
180	request-6	48	Summarize the following observations briefly. The station records temperature, wind, and rainfall each morning. The station records temperature, wind, and rainfall each morning. The station records temperature, wind, and rainfall each morning. The station records temperature, wind, and rainfall each morning. The station records temperature, wind, and rainfall each morning. The station records temperature, wind, and rainfall each morning. The station records temperature, wind, and rainfall each morning. The station records temperature, wind, and rainfall each morning. The station records temperature, wind, and rainfall each morning. The station records temperature, wind, and rainfall each morning. The station records temperature, wind, and rainfall each morning. The station records temperature, wind, and rainfall each morning. The station records temperature, wind, and rainfall each morning. The station records temperature, wind, and rainfall each morning. The station records temperature, wind, and rainfall each morning. The station records temperature, wind, and rainfall each morning. The station records temperature, wind, and rainfall each morning. The station records temperature, wind, and rainfall each morning. The station records temperature, wind, and rainfall each morning. The station records temperature, wind, and rainfall each morning. The station records temperature, wind, and rainfall each morning. The station records temperature, wind, and rainfall each morning. The station records temperature, wind, and rainfall each morning. The station records temperature, wind, and rainfall each morning. The station records temperature, wind, and rainfall each morning. The station records temperature, wind, and rainfall each morning. The station records temperature, wind, and rainfall each morning. The station records temperature, wind, and rainfall each morning. The station records temperature, wind, and rainfall each morning. The station records temperature, wind, and rainfall each morning. The station records temperature, wind, and rainfall each morning. The station records temperature, wind, and rainfall each morning. The station records temperature, wind, and rainfall each morning. The station records temperature, wind, and rainfall each morning. The station records temperature, wind, and rainfall each morning. 
210	request-7	24	Name three planets in our solar system.
240	request-8	24	Name three planets in our solar system.
270	request-9	48	Summarize the following observations briefly. The station records temperature, wind, and rainfall each morning. The station records temperature, wind, and rainfall each morning. The station records temperature, wind, and rainfall each morning. The station records temperature, wind, and rainfall each morning. The station records temperature, wind, and rainfall each morning. The station records temperature, wind, and rainfall each morning. The station records temperature, wind, and rainfall each morning. The station records temperature, wind, and rainfall each morning. The station records temperature, wind, and rainfall each morning. The station records temperature, wind, and rainfall each morning. The station records temperature, wind, and rainfall each morning. The station records temperature, wind, and rainfall each morning. The station records temperature, wind, and rainfall each morning. The station records temperature, wind, and rainfall each morning. The station records temperature, wind, and rainfall each morning. The station records temperature, wind, and rainfall each morning. The station records temperature, wind, and rainfall each morning. The station records temperature, wind, and rainfall each morning. The station records temperature, wind, and rainfall each morning. The station records temperature, wind, and rainfall each morning. The station records temperature, wind, and rainfall each morning. The station records temperature, wind, and rainfall each morning. The station records temperature, wind, and rainfall each morning. The station records temperature, wind, and rainfall each morning. The station records temperature, wind, and rainfall each morning. The station records temperature, wind, and rainfall each morning. The station records temperature, wind, and rainfall each morning. The station records temperature, wind, and rainfall each morning. The station records temperature, wind, and rainfall each morning. The station records temperature, wind, and rainfall each morning. The station records temperature, wind, and rainfall each morning. The station records temperature, wind, and rainfall each morning. The station records temperature, wind, and rainfall each morning. The station records temperature, wind, and rainfall each morning. The station records temperature, wind, and rainfall each morning. 
300	request-10	24	Name three planets in our solar system.
330	request-11	24	Name three planets in our solar system.
